{
    "parent": "minecraft:item/generated",
    "textures": {
      "layer0": "minecraft:item/book"
    },
    "overrides": [
      {
        "predicate": {
          "custom_model_data": 1
        },
        "model": "minecraft:item/gogoplayz"
      },
      {
        "predicate": {
          "custom_model_data": 2
        },
        "model": "minecraft:item/thatonememe"
      },
      {
        "predicate": {
          "custom_model_data": 3
        },
        "model": "minecraft:item/misterperson7"
      },
      {
        "predicate": {
          "custom_model_data": 4
        },
        "model": "minecraft:item/theskepticalone"
      },
      {
        "predicate": {
          "custom_model_data": 5
        },
        "model": "minecraft:item/blackhawk2048"
      }
    ]
  }
  